Variable,areaTotalSum,areaNormalSum,areaElevatorSum,areaDeprivedSum
ambuLowArea,1312247054.0864,556769199.808,319964608.10899997,248642295.76399997
ambuHighArea,1369866271.382571,587821855.993,278698484.57799995,322667504.466
povertyLowArea,1340877754.8562,266952728.876,136402419.158,134053328.709
povertyHighArea,3723607342.12387,1938676785.2159998,891084865.962,1064144040.0639999
